iter	Logloss
0	0.687978182
1	0.6831450664
2	0.6795678516
3	0.6758557067
4	0.6730889193
