iter	Logloss
0	0.6919227975
1	0.6908655155
2	0.6899901645
3	0.6893630685
4	0.6887350449
