iter	Logloss
0	0.6884745897
1	0.6845892356
2	0.680737162
3	0.6780502264
4	0.6750314154
