iter	Logloss
0	0.6912141451
1	0.689268392
2	0.6874288867
3	0.6853863331
4	0.6838098002
