iter	Logloss
0	0.687891428
1	0.6831357829
2	0.6793183953
3	0.6757911634
4	0.6725687902
