iter	Logloss
0	0.6868044076
1	0.6811886102
2	0.6766523235
3	0.672725756
4	0.6685803833
