iter	Logloss
0	0.6885907835
1	0.6843418278
2	0.6800187424
3	0.6759760377
4	0.6731228507
