iter	Logloss
0	0.4691974699
1	0.3260546499
2	0.2324184926
3	0.1686244413
4	0.123839819
