iter	Logloss
0	0.6923223855
1	0.69144203
2	0.6906294238
3	0.6898676196
4	0.6893319816
